Player Name,Pos.,Birthdate,Birthplace,Seasons,GP,G,A,Pts,PIM,Yrs.
Christian Backman,D,04/28/1980,"Alingsas, Sweden",2002-2009,302,23,56,79,182,6
Randy Exelby,G,08/13/1965,"Toronto, ONT",1988-1990,2,0,0,0,0,2
Bob Whitelaw,D,10/05/1916,"Motherwell, Scotland",1940-1942,32,0,2,2,2,2
Erik Condra,R,08/06/1986,"Trenton, MI",2010-2019,372,40,59,99,176,8
Scott Arniel,L,09/17/1962,"Kingston, ONT",1981-1992,730,149,189,338,599,11
Harry Meeking,L,01/10/1894,"Barrie, ONT",1917-1927,63,20,3,23,61,3
Brett Lindros,R,12/02/1975,"London, ONT",1994-1996,51,2,5,7,147,2
Andreas Borgman,D,06/18/1995,"Stockholm, Sweden",2017-2021,55,3,10,13,32,2
Rodger Smith,D,,"Ottawa, ONT",1925-1931,204,20,4,24,172,6
Jeff Beukeboom,D,03/28/1965,"Ajax, ONT",1985-1999,804,30,129,159,1890,14
Ivan Irwin,D,03/13/1927,"Chicago, IL",1952-1958,155,2,27,29,214,5
Floyd Smith,F,05/16/1935,"Perth, ONT",1954-1972,616,129,178,307,207,13
Jesse Winchester,C,10/04/1983,"Long Sault, ONT",2007-2014,285,20,50,70,159,6
Rick Knickle,G,02/26/1960,"Dartmouth, NS",1992-1994,14,0,0,0,2,2
Bryan Lefley,D,10/18/1948,"Grosse Isle, MAN",1972-1978,228,7,29,36,101,5
Jacques Deslauriers,D,09/03/1928,"Montreal, PQ",1955-1956,2,0,0,0,0,1
Trent Miner,G,02/05/2001,"Brandon, MAN",2023-2025,1,0,0,0,0,1
Steve Dubinsky,C,07/09/1970,"Montreal, PQ",1993-2003,375,25,45,70,164,10
Brandon Gignac,C,11/07/1997,"Repentigny, PQ",2018-2024,8,1,0,1,0,2
Grant Warwick,R,10/11/1921,"Regina, SASK",1941-1950,395,147,142,289,220,9
Frank Nighbor,,01/26/1893,,1917-1930,348,136,60,196,242,13
Mark Lofthouse,R,04/21/1957,"New Westminster, BC",1977-1983,181,42,38,80,73,6
Chris Beckford-Tseu,G,06/22/1984,"Toronto, ONT",2007-2008,1,0,0,0,0,1
Connor Zary,C,09/25/2001,"Saskatoon, SASK",2023-2025,103,24,32,56,32,2
Scott Hannan,D,01/23/1979,"Richmond, BC",1998-2015,1055,38,179,217,625,16
Brian Stapleton,R,12/25/1951,"Fort Erie, ONT",1975-1976,1,0,0,0,0,1
Colton Sceviour,C,04/20/1989,"Red Deer, ALTA",2010-2022,535,66,90,156,136,11
Abby Cox,G,07/19/1904,"London, ONT",1929-1936,5,0,0,0,0,3
Bart Crashley,D,06/15/1946,"Toronto, ONT",1965-1976,140,7,36,43,50,6
Jack Price,D,05/08/1932,"Goderich, ONT",1951-1954,57,4,6,10,24,3
Billy McNeill,C,01/26/1936,"Edmonton, ALTA",1956-1964,257,21,46,67,142,6
Johan Harju,L,05/15/1986,"Overtarnea, Sweden",2010-2011,10,1,2,3,2,1
Gary Dillon,C,02/28/1959,"Toronto, ONT",1980-1981,13,1,1,2,29,1
Bert Peer,R,11/12/1910,"Port Credit, ONT",1939-1940,1,0,0,0,0,1
Jack Rathbone,D,05/20/1999,"Boston, MA",2020-2023,28,2,3,5,4,3
Stewart Adams,L,09/16/1904,"Calgary, ALTA",1929-1933,107,9,26,35,60,4
Roger Cormier,R,03/23/1905,"Montreal, PQ",1925-1926,1,0,0,0,0,1
Vojtech Mozik,D,12/26/1992,"Prague, Czech Rep.",2015-2016,7,0,0,0,4,1
Camille Henry,L,01/31/1933,"Quebec, PQ",1953-1970,727,279,249,528,88,14
Jakob Chychrun,D,03/31/1998,"Boca Raton, FL",2016-2025,502,87,157,244,334,9
Mario Roberge,L,01/23/1964,"Quebec, PQ",1990-1995,112,7,7,14,314,5
Eric Charron,D,01/14/1970,"Verdun, PQ",1992-2000,130,2,7,9,127,8
Alex Ritson,C,03/07/1922,"Peace River, ALTA",1944-1945,1,0,0,0,0,1
Claude Julien,D,04/23/1960,"Blind River, ONT",1984-1986,14,0,1,1,25,2
Tommy Cross,D,09/12/1989,"Hartford, CT",2015-2017,3,0,1,1,0,2
Vincent Damphousse,C,12/17/1967,"Montreal, PQ",1986-2004,1378,432,773,1205,1190,18
Johnny Bower,G,11/08/1925,"Prince Albert, SASK",1953-1970,550,0,3,3,36,15
Jean-Francois Labbe,G,06/12/1972,"Sherbrooke, PQ",1999-2003,15,0,0,0,2,3
Tommy Filmore,R,03/14/1906,"London, ONT",1930-1934,116,17,12,29,33,4
Jack Leswick,C,,"Saskatoon, SASK",1933-1934,37,1,7,8,16,1
Jim Benning,D,04/29/1963,"Edmonton, ALTA",1981-1990,610,52,191,243,461,9
Ryan McDonagh,D,06/13/1989,"St. Paul, MN",2010-2025,966,77,322,399,367,15
Leo Thiffault,L,12/16/1944,"Drummondville, PQ",1967-1968,0,0,0,0,0,1
Joakim Andersson,C,02/05/1989,"Munkedal, Sweden",2011-2016,205,15,21,36,48,5
Tom Thornbury,D,03/17/1963,"Lindsay, ONT",1983-1984,14,1,8,9,16,1
Kim Johnsson,D,03/16/1976,"Malmo, Sweden",1999-2010,739,67,217,284,406,10
Barry Cummins,D,01/25/1949,"Regina, SASK",1973-1974,36,1,2,3,39,1
Drew Bagnall,D,10/26/1983,"Oakbank, MAN",2010-2011,2,0,0,0,4,1
Fabian Zetterlund,L,08/25/1999,"Karlstad, Sweden",2021-2025,206,44,58,102,55,4
Petr Schastlivy,L,04/18/1979,"Vikhorevka, Russia",1999-2004,129,18,22,40,30,5
Wayne Cashman,R,06/24/1945,"Kingston, ONT",1964-1983,1027,277,516,793,1041,17
J.F. Berube,G,07/13/1991,"Repentigny, PQ",2015-2022,40,0,1,1,0,4
Sheldon Rempal,R,08/07/1995,"Calgary, ALTA",2018-2024,21,2,1,3,4,5
Ernie Kenny,D,08/20/1907,"Vermillion, ALTA",1930-1935,10,0,0,0,18,2
Josef Marha,C,06/02/1976,"Havlickuv Brod, Czech",1995-2001,159,21,32,53,32,6
Matthew Barnaby,R,05/04/1973,"Ottawa, ONT",1992-2007,834,113,187,300,2562,14
Bob Hoffmeyer,D,07/27/1955,"Dodsland, SASK",1977-1985,198,14,52,66,325,6
Gary Jarrett,L,09/03/1942,"Toronto, ONT",1960-1972,341,72,92,164,131,7
Todd Bidner,C,07/05/1961,"Petrolia, ONT",1981-1982,12,2,1,3,7,1
Dan Currie,L,03/15/1968,"Burlington, ONT",1990-1994,22,2,1,3,4,4
Bryan Little,C,11/12/1987,"Edmonton, ALTA",2007-2020,843,217,304,521,293,13
Terry Martin,F,10/25/1955,"Barrie, ONT",1975-1985,479,104,101,205,202,10
Pasi Nurminen,G,12/17/1975,"Lahti, Finland",2001-2004,125,0,5,5,39,3
Devin Cooley,G,05/25/1997,"Los Gatos, CA",2023-2024,6,0,0,0,0,1
Bill Terry,C,07/13/1961,"Toronto, ONT",1987-1988,5,0,0,0,0,1
Arnie Brown,D,01/28/1942,"Oshawa, ONT",1961-1974,681,44,141,185,738,12
Olaf Kolzig,G,04/06/1970,"Johannesburg, South Africa",1989-2009,719,0,17,17,107,17
Tomas Kloucek,D,03/07/1980,"Prague, Czech Rep.",2000-2006,141,2,8,10,250,5
Grant Jennings,D,05/05/1965,"Hudson Bay, SASK",1987-1996,389,14,43,57,804,9
Milt Schmidt,C,03/05/1918,"Kitchener, ONT",1936-1955,776,229,346,575,466,16
Wade Flaherty,G,01/11/1968,"Terrace, BC",1991-2003,120,0,3,3,6,11
Ted Kennedy,C,12/12/1925,"Port Colborne, ONT",1942-1957,696,231,329,560,432,14
Art Giroux,R,06/06/1908,"Quebec, PQ",1932-1936,54,6,4,10,14,3
Olivier Michaud,G,09/14/1983,"Beloeil, PQ",2001-2002,1,0,0,0,0,1
Keegan Lowe,D,03/29/1993,"Greenwich, CT",2014-2018,4,0,0,0,10,2
Tom Wandell,C,01/29/1987,"Sodertalje, Sweden",2008-2013,229,20,23,43,52,5
Niclas Wallin,D,02/20/1975,"Boden, Sweden",2000-2011,614,21,58,79,460,10
Greg Parks,R,03/25/1967,"Edmonton, ALTA",1990-1993,23,1,2,3,6,3
Gilles Hamel,R,03/18/1960,"Asbestos, PQ",1980-1989,519,127,147,274,276,9
Dustin Byfuglien,D,03/27/1985,"Roseau, MN",2005-2019,869,177,348,525,1094,14
Mike Labadie,R,08/17/1932,"St. Francis D'Assisi, PQ",1952-1953,3,0,0,0,0,1
Nico Hischier,C,01/04/1999,"Brig, Switzerland",2017-2025,495,155,234,389,115,8
Alan Kerr,R,03/28/1964,"Hazelton, BC",1984-1993,391,72,94,166,826,9
Cal Heeter,G,11/02/1988,"St. Louis, MO",2013-2014,1,0,0,0,0,1
John Roach,G,06/23/1900,"Port Perry, ONT",1921-1935,491,0,0,0,0,14
Mark Stuart,D,04/27/1984,"Rochester, MN",2005-2017,673,26,67,93,722,12
Rasmus Ristolainen,D,10/27/1994,"Turku, Finland",2013-2025,754,53,243,296,373,12
Troy Mallette,L,02/25/1970,"Sudbury, ONT",1989-1998,456,51,68,119,1226,9
Jonny Brodzinski,C,06/19/1993,"Ham Lake, MN",2016-2025,176,18,23,41,44,9
Patrick Sharp,L,12/27/1981,"Winnipeg, MAN",2002-2018,939,287,333,620,536,15
Jim Lorentz,C,05/01/1947,"Waterloo, ONT",1968-1978,659,161,238,399,208,10
Shawn Horcoff,C,09/17/1978,"Trail, BC",2000-2016,1008,186,325,511,624,15
Bob Dawes,D,11/29/1924,"Saskatoon, SASK",1946-1951,32,2,7,9,6,4
Todd Fedoruk,L,02/13/1979,"Redwater, ALTA",2000-2010,545,32,65,97,1050,9
Ronalds Kenins,L,02/28/1991,"Riga, Latvia",2014-2016,38,4,8,12,14,2
George Standing,R,08/03/1941,"Toronto, ONT",1967-1968,2,0,0,0,0,1
Scottie Upshall,R,10/07/1983,"Fort McMurray, ALTA",2002-2018,759,138,147,285,615,15
Eddie Barry,D,10/12/1919,"Wellesley, MA",1946-1947,19,1,3,4,2,1
Carter Hutton,G,12/19/1985,"Thunder Bay, ONT",2012-2022,235,0,5,5,16,10
Andre Deveaux,C,02/23/1984,"Freeport, Bahamas",2008-2012,31,0,2,2,104,3
Johnny Oduya,D,10/01/1981,"Stockholm, Sweden",2006-2018,850,41,149,190,372,12
Turner Elson,C,09/13/1992,"New Westminster, BC",2015-2022,3,0,1,1,0,2
Peter Ciavaglia,C,07/15/1969,"Albany, NY",1991-1993,5,0,0,0,0,2
Jack Studnicka,C,02/18/1999,"Windsor, ONT",2019-2024,107,6,10,16,28,5
Denis Hamel,L,05/10/1977,"Lachute, PQ",1999-2007,192,19,12,31,77,7
Martin Simard,L,06/25/1966,"Montreal, PQ",1990-1993,44,1,5,6,183,3
Jason Bowen,L,11/09/1973,"Port Alice, BC",1992-1998,77,2,6,8,109,6
Howie Morenz,C,06/21/1902,"Mitchell, ONT",1923-1937,550,270,197,467,531,14
Rick Hampton,D,06/14/1956,"Toronto, ONT",1974-1980,337,59,113,172,147,6
Scott Howson,C,04/09/1960,"Toronto, ONT",1984-1986,18,5,3,8,4,2
Samuel Honzek,L,11/12/2004,"Trencin, Slovakia",2023-2025,5,0,0,0,2,1
Sean Bentivoglio,L,10/16/1985,"Thorold, ONT",2008-2009,1,0,0,0,2,1
Travis Zajac,C,05/13/1985,"Winnipeg, MAN",2006-2021,1037,203,349,552,344,15
Declan Carlile,D,05/18/2000,"Hartland, MI",2023-2025,2,1,0,1,0,2
Sasha Chmelevski,C,06/09/1999,"Huntington Beach, CA",2020-2022,24,0,10,10,6,2
Jack Hughes,D,07/20/1957,"Somerville, MA",1980-1982,46,2,5,7,104,2
Mike Pandolfo,L,09/15/1979,"Winchester, MA",2003-2004,3,0,0,0,0,1
Doug Trapp,F,11/28/1965,"Balcarres, SASK",1986-1987,2,0,0,0,0,1
Gerry Gray,G,01/28/1948,"Brantford, ONT",1970-1973,8,0,0,0,0,2
Lee Fogolin,D,02/27/1926,"Fort William, ONT",1947-1956,427,10,48,58,575,9
Steve Patrick,R,02/04/1961,"Winnipeg, MAN",1980-1986,250,40,68,108,242,6
Ryan Stoa,C,04/13/1987,"Bloomington, MN",2009-2014,40,4,3,7,20,3
Hnat Domenichelli,C,02/16/1976,"Edmonton, ALTA",1996-2003,267,52,61,113,104,7
Serge Savard,D,01/22/1946,"Montreal, PQ",1966-1983,1040,106,333,439,592,17
Tom Cavanagh,C,03/24/1982,"Warwick, RI",2007-2009,18,1,2,3,4,2
Gabriel Bourque,L,09/23/1990,"Rimouski, PQ",2011-2020,413,40,63,103,75,9
Adam Erne,L,04/20/1995,"New Haven, CT",2016-2024,379,41,50,91,180,8
Lucas Lessio,L,01/23/1993,"Maple, ONT",2013-2016,41,3,4,7,12,3
Jack Adams,C,06/14/1895,"Fort William, ONT",1917-1927,173,82,29,111,307,7
Keith McCreary,L,06/19/1940,"Sundridge, ONT",1961-1975,532,131,112,243,294,10
Brian Savage,L,02/24/1971,"Sudbury, ONT",1993-2006,674,192,167,359,321,12
Jack McLean,C,01/31/1923,"Winnipeg, MAN",1942-1945,67,14,24,38,76,3
Pete Goegan,D,03/06/1934,"Fort William, ONT",1957-1968,383,19,67,86,365,11
Ken Holland,G,11/10/1955,"Vernon, BC",1980-1984,4,0,0,0,0,2
Paul Brousseau,R,09/18/1973,"Pierrefonds, PQ",1995-2001,26,1,3,4,29,4
Markus Mattsson,G,07/30/1957,"Suoneiemi, Finland",1979-1984,92,0,3,3,6,4
Jay Bouwmeester,D,09/27/1983,"Edmonton, ALTA",2002-2020,1240,88,336,424,635,17
Steve Wagner,D,03/06/1984,"Grand Rapids, MN",2007-2009,46,4,8,12,26,2
Craig MacDonald,C,04/07/1977,"Antigonish, NS",1998-2009,233,11,24,35,91,8
Valeri Nichushkin,R,03/04/1995,"Chelyabinsk, Russia",2013-2025,533,127,164,291,82,10
Anders Eldebrink,D,12/11/1960,"Kalix, Sweden",1981-1983,55,3,11,14,29,2
Johnny Peirson,R,07/21/1925,"Winnipeg, MAN",1946-1958,545,153,173,326,315,11
Sandy Moger,R,03/21/1969,"100 Mile House, BC",1994-1999,236,41,38,79,212,5
"John ""Cully"" Simon",D,05/08/1918,"Brockville, ONT",1942-1945,130,4,11,15,121,3
Harry Watson,L,05/06/1923,"Saskatoon, SASK",1941-1957,809,236,207,443,150,14
Moe Roberts,G,12/12/1906,"Waterbury, CT",1925-1952,10,0,0,0,0,4
Dave Chartier,C,02/15/1961,"Saint Lazare, MAN",1980-1981,1,0,0,0,0,1
Brian Bellows,R,09/01/1964,"St. Catharines, ONT",1982-1999,1188,485,537,1022,718,17
Tony Cimellaro,C,06/14/1971,"Kingston, ONT",1992-1993,2,0,0,0,0,1
George Konik,L,05/04/1937,"Flin Flon, MAN",1967-1968,52,7,8,15,26,1
Lorne Ferguson,L,05/26/1930,"Palmerston, ONT",1949-1959,422,82,80,162,193,8
C.J. Suess,L,03/17/1994,"St. Paul, MN",2019-2023,5,0,0,0,4,3
Lorne Henning,C,02/22/1952,"Melfort, SASK",1972-1981,543,73,111,184,102,9
Adam Clendening,D,10/26/1992,"Niagara Falls, NY",2014-2019,90,4,20,24,49,5
Sean McKenna,F,03/07/1962,"Asbestos, PQ",1981-1990,414,82,80,162,181,9
Garry Peters,C,10/09/1942,"Regina, SASK",1964-1972,311,34,34,68,261,8
Dennis O'Brien,D,06/10/1949,"Port Hope, ONT",1970-1980,592,31,91,122,1017,10
Jeff Daniels,L,06/24/1968,"Oshawa, ONT",1990-2003,425,17,26,43,83,12
Yvon Labre,D,11/29/1949,"Sudbury, ONT",1970-1981,371,14,87,101,788,9
Myles Lane,,,,1928-1934,60,4,1,5,41,3
"Walt ""Whitey"" Farrant",R,08/12/1913,"Toronto, ONT",1943-1944,1,0,0,0,0,1
Jean Lemieux,D,05/31/1952,"Rouyn-Noranda, PQ",1973-1978,204,23,63,86,39,5
Drew Fata,D,07/28/1983,"Sault Ste. Marie, ONT",2006-2008,8,1,1,2,9,2
Bob Woytowich,D,08/18/1941,"Winnipeg, MAN",1964-1972,503,32,126,158,352,8
Tomas Nosek,L,09/01/1992,"Pardubice, Czech Rep.",2015-2025,463,45,67,112,158,10
Matt Gilroy,D,07/20/1984,"North Bellmore, NY",2009-2014,225,11,37,48,67,5
Patrick Neaton,D,05/21/1971,"Detroit, MI",1993-1994,9,1,1,2,12,1
Marek Malik,D,06/24/1975,"Ostrava, Czech",1994-2009,691,33,135,168,620,13
Stanislav Gron,L,10/28/1978,"Bratislava, Slovakia",2000-2001,1,0,0,0,0,1
David Legwand,C,08/17/1980,"Detroit, MI",1998-2016,1136,228,390,618,551,17
Doug Doull,L,05/31/1974,"Glace Bay, NS",2003-2006,37,0,1,1,151,2
Jim Dowd,C,12/25/1968,"Brick, NJ",1991-2008,728,71,168,239,390,16
Al Buchanan,L,05/17/1927,"Winnipeg, MAN",1948-1950,4,0,1,1,2,2
Alexandr Svitov,C,11/03/1982,"Omsk, Russia",2002-2007,179,13,24,37,223,3
Craig Millar,D,05/10/1977,"Winnipeg, MAN",1996-2001,114,8,14,22,73,5
Hank D'Amore,C,07/17/1919,"Niagara Falls, ONT",1943-1944,4,1,0,1,2,1
"Stan ""Bud"" Kemp",D,03/02/1924,"Hamilton, ONT",1948-1949,1,0,0,0,2,1
Jamie Arniel,C,11/16/1989,"Kingston, ONT",2010-2011,1,0,0,0,0,1
Murray Baron,D,06/01/1967,"Prince George, BC",1989-2004,988,35,94,129,1309,15
Mike Siltala,R,08/05/1963,"Toronto, ONT",1981-1988,7,1,0,1,2,3
Cam Brown,L,05/15/1969,"Saskatoon, SASK",1990-1991,1,0,0,0,7,1
Marty Howe,D,02/18/1954,"Detroit, MI",1979-1985,197,2,29,31,99,6
Terry Caffery,C,04/01/1949,"Toronto, ONT",1969-1971,14,0,0,0,0,2
Marty McSorley,D,05/18/1963,"Hamilton, ONT",1983-2000,961,108,251,359,3381,17
Mike Eaves,F,06/10/1956,"Denver, CO",1978-1986,324,83,143,226,80,8
Wade Belak,D,07/03/1976,"Saskatoon, SASK",1996-2011,549,8,25,33,1263,14
David Pastrnak,R,05/25/1996,"Havirov, Czech Rep.",2014-2025,717,365,404,769,326,11
"Donald ""Sandy"" McGregor",R,03/30/1939,"Toronto, ONT",1963-1964,2,0,0,0,2,1
Mikhail Vorobyov,C,01/05/1997,"Ufa, Russia",2018-2020,35,2,3,5,8,2
Milan Chalupa,D,07/04/1953,"Oudolen, Czech Rep.",1984-1985,14,0,5,5,6,1
Ross Lonsberry,L,02/07/1947,"Watson, SASK",1966-1981,968,256,310,566,806,15
Claude Lemieux,R,07/16/1965,"Buckingham, PQ",1983-2009,1215,379,407,786,1777,21
Ryan Shea,D,02/11/1997,"Milton, MA",2023-2025,51,1,2,3,12,2
Tom Kostopoulos,R,01/24/1979,"Mississauga, ONT",2001-2013,630,61,96,157,723,11
Gary Gambucci,C,09/22/1946,"Hibbing, MN",1971-1974,51,2,7,9,9,2
Tuomas Gronman,D,03/22/1974,"Rauma, Finland",1996-1998,38,1,3,4,38,2
Wade Dubielewicz,G,01/30/1979,"Kerrobert, SASK",2003-2010,43,0,0,0,0,6
Mathieu Roy,D,08/10/1983,"Saint-Georges, PQ",2005-2013,66,2,11,13,76,6
Ravil Gusmanov,L,07/25/1972,"Naberezhnye Chelny, Russia",1995-1996,4,0,0,0,0,1
Jimmy Ward,R,09/01/1906,"Fort William, ONT",1927-1939,532,147,127,274,465,12
Derek Gustafson,G,06/21/1979,"Gresham, OR",2000-2002,5,0,0,0,0,2
Hal Cooper,R,08/29/1915,"New Liskeard, ONT",1944-1945,8,0,0,0,2,1
Adam Henrique,C,02/06/1990,"Brantford, ONT",2010-2025,952,268,274,542,298,15
Antti-Jussi Niemi,D,09/22/1977,"Vantaa, Finland",2000-2002,29,1,1,2,22,2
Joey Johnston,L,03/03/1949,"Peterborough, ONT",1968-1976,331,85,106,191,320,6
Gordie Clark,R,05/31/1952,"Glasgow, Scotland",1974-1976,8,0,1,1,0,2
Don McLeod,G,08/24/1946,"Trail, BC",1970-1972,18,0,0,0,0,2
Murray Balfour,R,08/24/1936,"Regina, SASK",1956-1965,306,67,90,157,393,8
Cecil Dillon,R,04/26/1908,"Toledo, OH",1930-1940,453,167,131,298,105,10
Gary Smith,G,02/04/1944,"Ottawa, ONT",1965-1980,531,0,7,7,193,14
Kurtis McLean,C,11/02/1980,"Kirkland Lake, ONT",2008-2009,4,1,0,1,0,1
Larry Robinson,D,06/02/1951,"Winchester, ONT",1972-1992,1384,208,750,958,793,20
Jean-Guy Gendron,L,08/30/1934,"Montreal, PQ",1955-1972,863,182,201,383,701,14
Nikolai Zherdev,R,11/05/1984,"Kiev, Ukraine",2003-2011,421,115,146,261,225,6
Anders Hedberg,R,02/25/1951,"Ornskoldsvik, Sweden",1978-1985,465,172,226,398,144,7
Dennis Vaske,D,10/11/1967,"Rockford, IL",1990-1999,235,5,41,46,253,9
Richard Lemieux,C,04/19/1951,"Temiscaming, PQ",1971-1976,274,39,82,121,132,5
Robbie Moore,G,05/03/1954,"Sarnia, ONT",1978-1983,6,0,1,1,0,2
Barry Legge,D,10/22/1954,"Winnipeg, MAN",1979-1982,107,1,11,12,144,3
Paul Terbenche,D,09/16/1945,"Port Hope, ONT",1967-1974,189,5,26,31,28,5
Barry Salovaara,D,01/07/1948,"Toronto, ONT",1974-1976,90,2,13,15,70,2
Dwayne Zinger,D,07/06/1975,"Coronation, ALTA",2003-2004,7,0,1,1,9,1
Alexei Semenov,D,04/10/1981,"Murmansk, Russia",2002-2009,211,7,26,33,249,6
Trevor van Riemsdyk,D,07/24/1991,"Middletown, NJ",2014-2025,641,24,115,139,187,11
Mike Rucinski,C,12/12/1963,"Wheeling, IL",1987-1989,1,0,0,0,0,2
Stu McNeill,,,,1957-1960,10,1,1,2,2,3
Justin Hryckowian,C,02/23/2001,"L'ile- Bizard, PQ",2023-2025,2,0,0,0,0,1
Matt Kessel,D,06/23/2000,"Bloomfield Hills, MI",2022-2025,67,1,9,10,22,3
Patrick Thoresen,L,11/07/1983,"Hamar, Norway",2006-2008,106,6,18,24,66,2
Brendan Shinnimin,C,01/07/1991,"Winnipeg, MAN",2014-2015,12,0,1,1,8,1
Viktor Tikhonov,L,05/12/1988,"Riga, Latvia",2008-2016,111,11,11,22,40,2
"Ernest ""Ty"" Arbour",L,06/29/1896,"Waubaushene, ONT",1926-1931,209,28,28,56,112,5
Jim McFadden,C,04/15/1920,"Belfast, Northern Ireland",1946-1954,412,100,126,226,89,8
Rod Norrish,L,11/27/1951,"Saskatoon, SASK",1973-1975,21,3,3,6,2,2
Brandon Dubinsky,C,04/29/1986,"Anchorage, AK",2006-2019,823,153,285,438,905,13
Dave Archibald,R,04/14/1969,"Chilliwack, BC",1987-1997,323,57,67,124,139,8
Bob Wall,D,12/01/1942,"Elgin Mills, ONT",1964-1972,322,30,55,85,155,8
Vic Stasiuk,L,05/23/1929,"Lethbridge, ALTA",1949-1963,745,183,254,437,669,14
Zachary L'Heureux,L,05/15/2003,"Montreal, PQ",2023-2025,33,4,5,9,32,1
Darby Hendrickson,C,08/28/1972,"Richfield, MN",1993-2004,518,65,64,129,370,11
Jean-Claude Bergeron,G,10/14/1968,"Hauterive, PQ",1990-1997,72,0,2,2,4,6
Rob Scuderi,D,12/30/1978,"Syosset, NY",2003-2016,783,8,102,110,198,12
Brad Maxwell,D,07/08/1957,"Brandon, MAN",1977-1987,612,98,270,368,1292,10
Paul Stastny,C,12/27/1985,"Quebec, PQ",2006-2023,1145,293,529,822,500,17
Jerry D'Amigo,L,02/19/1991,"Binghamton, NY",2013-2015,31,1,2,3,2,2
Nick Beverley,D,04/21/1947,"Toronto, ONT",1966-1980,502,18,94,112,156,11
Bobby Burns,L,04/06/1905,"Gore Bay, ONT",1928-1930,17,1,0,1,8,2
Jaroslav Modry,D,02/27/1971,"Ceske-Budejovice, Czech Rep.",1993-2008,725,49,201,250,510,13
Allan Rourke,D,03/06/1980,"Mississauga, ONT",2003-2008,55,1,4,5,31,4
Ben Hutton,D,04/20/1993,"Brockville, ONT",2015-2025,514,24,98,122,191,10
Joacim Eriksson,G,04/09/1990,"Gavle, Sweden",2013-2014,1,0,0,0,0,1
Norman Tustin,L,01/03/1919,"Regina, SASK",1941-1942,18,2,4,6,0,1
Bryan Erickson,F,03/07/1960,"Roseau, MN",1983-1994,351,80,125,205,141,9
Corban Knight,C,09/10/1990,"Oliver, BC",2013-2019,52,4,8,12,4,4
Seamus Casey,D,01/08/2004,"Miami, FL",2023-2025,8,3,1,4,0,1
Ken Solheim,L,03/27/1961,"Medicine Hat, ALTA",1980-1986,135,19,20,39,34,5
Jean Beliveau,C,08/31/1931,"Trois-Rivieres, PQ",1950-1971,1125,507,712,1219,1031,20
Jerry Shannon,L,10/25/1910,"Campbellford, ONT",1933-1938,183,23,29,52,80,5
Marc Crawford,L,02/13/1961,"Belleville, ONT",1981-1987,176,19,31,50,229,6
Tomi Pettinen,D,06/17/1977,"Ylojarvi, Finland",2002-2006,24,0,0,0,18,3
Manny Legace,G,02/04/1973,"Toronto, ONT",1998-2010,365,0,9,9,12,11
Jim O'Brien,C,01/29/1989,"Maplewood, MN",2010-2018,77,8,5,13,16,5
Rogatien Vachon,G,09/08/1945,"Palmarolle, PQ",1966-1982,795,0,10,10,47,16
Milan Lucic,L,06/07/1988,"Vancouver, BC",2007-2024,1177,233,353,586,1301,17
Colby Robak,D,04/24/1990,"Dauphin, MAN",2011-2015,47,0,4,4,25,4
Joe Vitale,C,08/20/1985,"St. Louis, MO",2010-2016,234,11,33,44,156,6
Jan Bulis,C,03/18/1978,"Pardubice, Czech Rep.",1997-2007,552,96,149,245,268,9
Alex Pietrangelo,D,01/18/1990,"King City, ONT",2008-2025,1053,147,478,625,345,17
Gregg Sheppard,L,04/23/1949,"North Battleford, SASK",1972-1982,657,205,293,498,243,10
Bill Flett,R,07/21/1943,"Vermilion, ALTA",1967-1980,689,202,215,417,501,11
Herb Rheaume,G,01/12/1900,"Mason, PQ",1925-1926,31,0,0,0,0,1
Blair Barnes,R,09/21/1960,"Windsor, ONT",1982-1983,1,0,0,0,0,1
John Gibson,G,07/14/1993,"Pittsburgh, PA",2013-2025,492,0,7,7,68,12
Yves Racine,D,02/07/1969,"Matane, PQ",1989-1998,508,37,194,231,439,9
Bobby Schmautz,R,03/28/1945,"Saskatoon, SASK",1967-1981,764,271,286,557,988,13
Murray Anderson,D,08/28/1949,"The Pas, MAN",1974-1975,40,0,1,1,68,1
Ryan Hollweg,C,04/23/1983,"Downey, CA",2005-2011,228,5,9,14,349,5
Ray Neufeld,R,04/15/1959,"Winkler, MAN",1979-1990,595,157,200,357,814,11
Kurt Walker,R,06/10/1954,"Weymouth, MA",1975-1978,71,4,5,9,152,3
Ilya Kovalchuk,L,04/15/1983,"Tver, Russia",2001-2020,926,443,433,876,544,13
Arthur Coulter,D,05/31/1909,"Winnipeg, MAN",1931-1942,461,30,82,112,543,11
Ed Ward,R,11/10/1969,"Edmonton, ALTA",1993-2001,278,23,26,49,354,8
Mike Vernon,G,02/24/1963,"Calgary, ALTA",1982-2002,782,0,39,39,271,19
Herbert Vasiljevs,R,05/27/1976,"Riga, Latvia",1998-2002,51,8,7,15,22,4
Charlie Huddy,D,06/02/1959,"Oshawa, ONT",1980-1997,1017,99,354,453,785,17
Wayne Muloin,D,12/24/1941,"Dryden, ONT",1963-1971,145,3,21,24,93,3
Bob Sabourin,L,03/17/1933,"Sudbury, ONT",1951-1952,1,0,0,0,2,1
Stewart Gavin,R,03/15/1960,"Ottawa, ONT",1980-1993,768,130,155,285,584,13
Bob Solinger,L,12/23/1925,"Star City, SASK",1951-1960,99,10,11,21,19,5
Stefan Elliott,D,01/30/1991,"Vancouver, BC",2011-2019,87,8,17,25,16,6
Bill Cook,R,10/08/1898,"Brantford, ONT",1926-1937,475,228,138,366,386,11
Vinny Hinostroza,C,04/03/1994,"Chicago, IL",2015-2025,379,54,98,152,105,10
Petr Sykora,C,11/19/1976,"Plzen, Czech Rep.",1995-2012,1017,323,398,721,455,15
Rafael Harvey-Pinard,L,01/06/1999,"Saguenay, PQ",2021-2024,83,17,14,31,16,3
Brendan Witt,D,02/20/1975,"Humboldt, SASK",1995-2010,890,25,96,121,1424,14
Peter Sundstrom,F,12/14/1961,"Skelleftea, Sweden",1983-1990,338,61,84,145,122,6
Eddie Gerard,L,02/22/1890,"Ottawa, ONT",1917-1923,128,50,30,80,106,6
Sean Brown,D,11/05/1976,"Oshawa, ONT",1996-2006,436,14,43,57,907,9
John Garrett,G,06/17/1951,"Trenton, ONT",1979-1985,207,0,6,6,41,6
Matt Frattin,R,01/03/1988,"Edmonton, ALTA",2010-2015,135,17,18,35,44,5
Bill MacKenzie,D,12/12/1912,"Winnipeg, MAN",1933-1940,230,11,10,21,132,6
Milan Michalek,L,12/07/1984,"Jindrichuv Hradec, Czech Rep.",2003-2017,747,208,238,446,394,13
"Norman ""Heck"" Fowler",G,,"Saskatoon, SASK",1924-1925,7,0,0,0,0,1
Michael Kesselring,D,01/13/2000,"Florence, SC",2022-2025,113,9,30,39,102,3
Derek Meech,D,04/21/1984,"Winnipeg, MAN",2006-2013,144,4,13,17,45,6
Zachary Dean,C,01/04/2003,"Grande Prairie, ALTA",2023-2024,9,0,0,0,6,1
Peter Smrek,D,02/16/1979,"Martin, Slovakia",2000-2002,28,2,4,6,18,2
Brian Lundberg,D,06/05/1960,"Burnaby, BC",1982-1983,1,0,0,0,2,1
Brad Schlegel,D,07/22/1968,"Kitchener, ONT",1991-1994,48,1,8,9,10,3
Henrik Lundqvist,G,03/02/1982,"Are, Sweden",2005-2020,887,0,27,27,18,15
Stephane Fiset,G,06/17/1970,"Montreal, PQ",1989-2002,390,0,12,12,38,13
Serge Payer,C,05/09/1979,"Rockland, ONT",2000-2007,124,7,6,13,49,4
Frank Mathers,D,03/29/1924,"Winnipeg, MAN",1948-1952,23,1,3,4,4,3
Ernie Hicke,L,11/07/1947,"Regina, SASK",1970-1978,520,132,140,272,407,8
Tom Manastersky,D,03/07/1929,"Montreal, PQ",1950-1951,6,0,0,0,11,1
Dave Forbes,L,11/16/1948,"Montreal, PQ",1973-1979,362,64,64,128,341,6
Blake Comeau,L,02/18/1986,"Meadow Lake, SASK",2006-2022,909,141,193,334,573,16
Gary Coalter,C,07/08/1950,"Toronto, ONT",1973-1975,34,2,4,6,2,2
Peter Driscoll,L,10/27/1954,"Powassan, ONT",1979-1981,60,3,8,11,97,2
Woody Dumart,L,12/23/1916,"Kitchener, ONT",1935-1954,771,211,218,429,99,16
Sid Finney,C,05/01/1929,"Bainbridge, Ireland",1951-1954,59,10,7,17,4,3
Ed Cooper,L,08/28/1960,"Loon Lake, SASK",1980-1982,49,8,7,15,46,2
Casey Wellman,C,10/18/1987,"Brentwood, CA",2009-2014,54,6,10,16,4,4
Gabe Gauthier,L,01/20/1984,"Torrance, CA",2006-2008,8,0,0,0,2,2
"Howard ""Holes"" Lockhart",G,,,1919-1920,6,0,0,0,0,1
Yan Kaminsky,L,07/28/1971,"Penza, Russia",1993-1995,26,3,2,5,4,2
Mike Baumgartner,D,01/30/1949,"Roseau, MN",1974-1975,17,0,0,0,0,1
Steve Rooney,F,06/28/1963,"Canton, MA",1984-1989,154,15,13,28,496,5
Kristian Vesalainen,L,06/01/1999,"Helsinki, Finland",2018-2022,70,2,3,5,6,3
Gerry McNamara,G,09/22/1934,"Sturgeon Falls, ONT",1960-1970,7,0,0,0,2,2
Brian Kinsella,R,02/11/1954,"Barrie, ONT",1975-1977,10,0,1,1,0,2
Andrew Bodnarchuk,D,07/11/1988,"Drumheller, ALTA",2009-2016,42,0,4,4,16,2
Alex Steeves,C,12/10/1999,"Saint Paul, MN",2021-2025,11,0,1,1,0,4
Thomas Ziegler,C,06/09/1978,"Zurich, Switzerland",2000-2001,5,0,0,0,0,1
Kevin Poulin,G,04/12/1990,"Montreal, PQ",2010-2015,50,0,1,1,0,5
Kevin Shattenkirk,D,01/29/1989,"New Rochelle, NY",2010-2024,952,103,381,484,544,14
Nino Niederreiter,R,09/08/1992,"Chur, Switzerland",2010-2025,929,234,232,466,426,14
"Emory ""Spunk"" Sparrow",F,09/15/1897,"Hartney, MAN",1924-1925,6,0,0,0,4,1
Joshua Jacobs,D,02/15/1996,"Shelby Township, MI",2018-2020,3,0,0,0,2,2
Aaron Gagnon,F,04/24/1986,"Quesnel, BC",2009-2013,38,3,2,5,2,4
Doug Halward,D,11/01/1955,"Toronto, ONT",1975-1989,653,69,224,293,774,14
Randy Burridge,L,01/07/1966,"Fort Erie, ONT",1985-1998,706,199,251,450,458,13
Roman Tvrdon,C,01/29/1981,"Trencin, Slovakia",2003-2004,9,0,1,1,2,1
Scott Foster,G,01/17/1982,"Sarnia, ONT",2017-2018,1,0,0,0,0,1
Al Secord,L,03/03/1958,"Sudbury, ONT",1978-1990,766,273,222,495,2093,12
Jaroslav Halak,G,05/13/1985,"Bratislava, Slovakia",2006-2023,581,0,13,13,16,17
P.A. Parenteau,R,03/24/1983,"Hull, PQ",2006-2017,491,114,182,296,342,9
Radim Zohorna,L,04/29/1996,"Havlickuv, Czech Rep.",2020-2024,68,9,9,18,26,4
Andre Bashkirov,R,06/22/1970,"Shelekhov, Russia",1998-2001,30,0,3,3,0,3
Andrew Alberts,D,06/30/1981,"Eden Prairie, MN",2005-2014,459,8,47,55,492,9
Glen Featherstone,D,07/08/1968,"Toronto, ONT",1988-1997,384,19,61,80,939,9
Steve Gotaas,C,05/10/1967,"Camrose, ALTA",1987-1991,49,6,9,15,53,3
Dakota Mermis,D,01/05/1994,"Alton, IL",2017-2025,75,4,8,12,39,8
Alex Iafallo,L,12/21/1993,"Eden, NY",2017-2025,544,102,143,245,99,8
Arthur Michaluk,D,05/04/1923,"Canmore, ALTA",1947-1948,5,0,0,0,0,1
Oleg Mikulchik,D,06/27/1964,"Minsk, Belarus",1993-1996,37,0,3,3,33,3
Eddie Wares,R,03/19/1915,"Calgary, ALTA",1936-1947,321,60,102,162,161,9
Terry Kleisinger,G,10/22/1960,"Regina, SASK",1985-1986,4,0,0,0,2,1
Zdeno Chara,D,03/18/1977,"Trencin, Slovakia",1997-2022,1680,209,471,680,2085,24
Jonas Rondbjerg,R,03/31/1999,"Horsholm, Denmark",2021-2025,69,3,7,10,8,4
Byron Bitz,R,07/21/1984,"Saskatoon, SASK",2008-2012,97,10,12,22,65,3
"Paul ""Marcel"" Raymond",C,02/27/1913,"Montreal, PQ",1932-1935,65,2,1,3,2,3
Martin Jones,G,01/10/1990,"North Vancouver, BC",2013-2024,466,0,4,4,4,11
Shane Endicott,C,12/21/1981,"Saskatoon, SASK",2001-2006,45,1,2,3,47,2
Vern Kaiser,D,09/28/1925,"Preston, ONT",1950-1951,50,7,5,12,33,1
Sam LoPresti,G,,"Elcor, MN",1940-1942,74,0,0,0,0,2
Ryan O'Byrne,D,07/19/1984,"Victoria, BC",2007-2013,308,5,34,39,369,6
Chris Nielsen,C,02/16/1980,"Moshi, Tanzania",2000-2002,52,6,8,14,8,2
Owen Nolan,R,02/12/1972,"Belfast, Northern Ireland",1990-2010,1200,422,463,885,1793,18
Brent Peterson,R,02/15/1958,"Calgary, ALTA",1978-1989,620,72,141,213,484,11
Jukka Porvari,F,01/19/1954,"Tampere, Finland",1981-1983,39,3,9,12,4,2
Richard Smehlik,D,01/23/1970,"Ostrava, Czech",1992-2003,644,49,146,195,415,10
Andy Greene,D,10/30/1982,"Trenton, MI",2006-2022,1057,52,212,264,277,16
Ryan Carpenter,C,01/18/1991,"Oviedo, FL",2015-2024,392,32,52,84,122,9
Neal Pionk,D,07/29/1995,"Omaha, NE",2017-2025,509,39,206,245,282,8
Ville Peltonen,W,05/24/1973,"Vantaa, Finland",1995-2009,382,52,96,148,119,8
Tie Domi,R,11/01/1969,"Windsor, ONT",1989-2006,1020,104,141,245,3515,16
Dustin Brown,R,11/04/1984,"Ithaca, NY",2003-2022,1296,325,387,712,738,18
Ulf Isaksson,L,03/19/1954,"Rosersberg, Sweden",1982-1983,50,7,15,22,10,1
Ryan Getzlaf,C,05/10/1985,"Regina, SASK",2005-2022,1157,282,737,1019,960,17
Reg Abbott,C,02/04/1930,"Winnipeg, MAN",1952-1953,3,0,0,0,0,1
Udo Kiessling,D,05/21/1955,"Crimmitschau, Germany",1981-1982,1,0,0,0,2,1
Bert Corbeau,D,02/09/1894,"Penetanguishene, ONT",1917-1927,257,65,33,98,611,10
Bryan Smolinski,C,12/27/1971,"Toledo, OH",1992-2008,1056,274,377,651,606,15
Egor Korshkov,L,07/10/1996,"Novosibirsk, Russia",2019-2020,1,1,0,1,0,1
Larry Floyd,R,05/01/1961,"Peterborough, ONT",1982-1984,12,2,3,5,9,2
Andy Schneider,L,03/29/1972,"Edmonton, ALTA",1993-1994,10,0,0,0,15,1
Matt Johnson,L,11/23/1975,"Welland, ONT",1994-2004,473,23,20,43,1523,10
Alexei Mikhnov,L,08/31/1982,"Kiev, Ukraine",2006-2007,2,0,0,0,0,1
Mario Ferraro,D,09/17/1998,"Toronto, ONT",2019-2025,373,15,66,81,156,6
Derek Mayer,D,05/21/1967,"Rossland, BC",1993-1994,17,2,2,4,8,1
Eddie Panagabko,L,05/17/1934,"Norquay, SASK",1955-1957,29,0,3,3,38,2
Nick Palmieri,R,07/12/1989,"Utica, NY",2009-2012,87,13,12,25,20,3
Chris Tierney,C,07/01/1994,"Keswick, ONT",2014-2024,649,80,168,248,135,10
Walt Ledingham,L,10/26/1950,"Midale, SASK",1972-1977,15,0,2,2,4,3
Wilf Field,D,04/29/1916,"Winnipeg, MAN",1936-1945,215,17,25,42,151,6
Brian Dobbin,R,08/18/1966,"Petrolia, ONT",1986-1992,63,7,8,15,61,5
Dwight Foster,F,04/02/1957,"Toronto, ONT",1977-1987,541,111,163,274,420,10
Rostislav Klesla,D,03/21/1982,"Novy Jicin, Czech Rep.",2000-2014,659,48,111,159,620,13
Norm Dube,L,09/12/1951,"Sherbrooke, PQ",1974-1976,57,8,10,18,54,2
Jamie Oleksiak,D,12/21/1992,"Toronto, ONT",2012-2025,639,38,98,136,463,13
Church Russell,F,03/16/1923,"Winnipeg, MAN",1945-1948,90,20,16,36,12,3
Bill Folk,D,07/11/1927,"Regina, SASK",1951-1953,12,0,0,0,4,2
Frank Martin,D,05/01/1933,"Cayuga, ONT",1952-1958,282,11,46,57,122,6
Mitch Babin,F,12/01/1954,"Kapuskasing, ONT",1975-1976,8,0,0,0,0,1
Joel Persson,D,03/04/1994,"Osby, Sweden",2019-2020,13,0,2,2,2,1
Art Strobel,L,11/28/1922,"Regina, SASK",1943-1944,7,0,0,0,0,1
Dean Malkoc,D,01/26/1970,"Vancouver, BC",1995-1999,116,1,3,4,299,4
Doug Bentley,L,09/03/1916,"Delisle, SASK",1939-1954,565,219,324,543,217,13
Ken Baumgartner,L,03/11/1966,"Flin Flon, MAN",1987-1999,696,13,41,54,2242,12
Al Millar,G,09/18/1929,"Winnipeg, MAN",1957-1958,6,0,0,0,0,1
Craig Patrick,C,05/20/1946,"Detroit, MI",1971-1979,401,72,91,163,61,8
Frank Daley,L,08/28/1908,"Port Arthur, ONT",1928-1929,5,0,0,0,0,1
Guy Trottier,R,04/01/1941,"Hull, PQ",1968-1972,115,28,17,45,37,3
Aaron Gavey,C,02/22/1974,"Sudbury, ONT",1995-2006,360,41,50,91,272,9
Al Conroy,C,01/17/1966,"Calgary, ALTA",1991-1994,114,9,14,23,156,3
Ivan Fedotov,G,11/28/1996,"Lappeenranta, Finland",2023-2025,15,0,0,0,0,2
Jeff MacMillan,D,03/30/1979,"Durham, ONT",2003-2004,4,0,0,0,0,1
Tim Young,F,02/22/1955,"Scarborough, ONT",1975-1985,628,195,341,536,438,10
Yves Sarault,L,12/23/1972,"Valleyfield, PQ",1994-2002,106,10,10,20,51,8
Peter Bartos,C,09/05/1973,"Martin, Slovakia",2000-2001,13,4,2,6,6,1
Paul Thompson,L,11/02/1907,"Calgary, ALTA",1926-1939,581,153,179,332,336,13
Per Gustafsson,D,06/04/1970,"Oskarshamn, Sweden",1996-1998,89,8,27,35,38,2
Troy Stecher,D,04/07/1994,"Richmond, BC",2016-2025,529,22,94,116,248,9
Todd Okerlund,R,09/06/1964,"Burnsville, MN",1987-1988,4,0,0,0,2,1
Yvon Corriveau,L,02/08/1967,"Welland, ONT",1985-1994,280,48,40,88,308,9
Sean Monahan,C,10/12/1994,"Brampton, ONT",2013-2025,805,258,321,579,195,12
Mattias Norstrom,D,01/02/1972,"Stockholm, Sweden",1993-2008,903,18,147,165,661,14
Zachary Sawchenko,G,12/30/1997,"Calgary, ALTA",2021-2022,7,0,0,0,0,1
Mark Friedman,D,12/25/1995,"Toronto, ONT",2018-2025,91,4,9,13,70,7
Dean Kolstad,D,06/16/1968,"Edmonton, ALTA",1988-1993,40,1,7,8,69,3
Jack Hendrickson,D,12/05/1936,"Kingston, ONT",1957-1962,5,0,0,0,4,3
John Tanner,G,03/17/1971,"Cambridge, ONT",1989-1992,21,0,0,0,6,3
Mike McMahon,D,02/01/1917,"Brockville, ONT",1942-1946,57,7,18,25,102,3
Todd Bergen,F,07/11/1963,"Prince Albert, SASK",1984-1985,14,11,5,16,4,1
Noah Dobson,D,01/07/2000,"Summerside, PEI",2019-2025,357,45,166,211,102,6
George Allen,L,07/27/1914,"Bayfield, NB",1938-1947,337,82,115,197,179,8
Johnny Mowers,G,10/29/1916,"Niagara Falls, ONT",1940-1947,152,0,1,1,2,4
Ab DeMarco,C,05/10/1916,"North Bay, ONT",1938-1947,210,72,93,165,53,7
Bill Barilko,D,03/25/1927,"Timmins, ONT",1946-1951,252,26,36,62,456,5
Brady Skjei,D,03/26/1994,"Lakeville, MN",2015-2025,650,71,189,260,348,10
Kirby Dach,C,01/21/2001,"Fort Saskatchewan, ALTA",2019-2025,252,39,74,113,142,6
"George ""Wingy"" Johnston",R,07/30/1920,"St. Charles, MAN",1941-1947,58,20,12,32,2,4
Warren Foegele,L,04/01/1996,"Markham, ONT",2017-2025,469,91,95,186,181,8
Jimmy Mann,R,04/17/1959,"Montreal, PQ",1979-1988,293,10,20,30,895,8
John Slaney,D,02/07/1972,"St. John's, NFLD",1993-2004,268,22,69,91,99,9
Tomi Maki,R,08/19/1983,"Helsinki, Finland",2006-2007,1,0,0,0,0,1
Bill Berg,F,10/21/1967,"St. Catharines, ONT",1988-1999,546,55,67,122,488,10
Thomas Hickey,D,02/08/1989,"Calgary, ALTA",2012-2022,456,22,95,117,190,9
Jaroslav Jirik,R,12/10/1939,"Brunn, Czechoslovakia",1969-1970,3,0,0,0,0,1
Dennis Cholowski,D,02/15/1998,"Langley, BC",2018-2025,141,13,25,38,32,6
Clayton Stoner,D,02/19/1985,"Port McNeill, BC",2009-2017,360,7,41,48,459,8
David Goverde,G,04/09/1970,"Toronto, ONT",1991-1994,5,0,1,1,0,3
Bobby Benson,D,05/18/1894,"Winnipeg, MAN",1924-1925,8,0,1,1,4,1
Kent Manderville,C,04/12/1971,"Edmonton, ALTA",1991-2003,646,37,67,104,348,12
Bernie Federko,C,05/12/1956,"Foam Lake, SASK",1976-1990,1000,369,761,1130,487,14
Cal Clutterbuck,R,11/18/1987,"Welland, ONT",2007-2024,1064,143,150,293,698,17
Yannick Weber,D,09/23/1988,"Morges, Switzerland",2008-2021,499,28,66,94,195,13
Stan Baluik,C,10/05/1935,"Port Arthur, ONT",1959-1960,7,0,0,0,2,1
Jujhar Khaira,L,08/13/1994,"Surrey, BC",2015-2024,337,33,47,80,229,9
Fleming Mackell,C,04/30/1929,"Montreal, PQ",1947-1960,665,149,220,369,562,13
Philip Samuelsson,D,07/26/1991,"Leksand, Sweden",2013-2016,13,0,0,0,2,3
Max Lajoie,D,11/05/1997,"Quebec City, PQ",2018-2024,77,7,9,16,20,6
Tony Camazzola,D,09/11/1962,"Burnaby, BC",1981-1982,3,0,0,0,4,1
Paul MacKinnon,D,11/06/1958,"Brantford, ONT",1979-1984,147,5,23,28,91,5
Viktor Svedberg,D,05/24/1991,"Gothenburg, Sweden",2015-2016,27,2,2,4,4,1
Normand Leveille,F,01/10/1963,"Montreal, PQ",1981-1983,75,17,25,42,49,2
Radoslav Hecl,D,11/10/1974,"Partizanske, Slovakia",2002-2003,14,0,0,0,2,1
Terry Yake,C,10/22/1968,"New Westminster, BC",1988-2001,403,77,120,197,220,11
Steve Ludzik,F,04/03/1961,"Toronto, ONT",1981-1990,424,46,93,139,333,9
Brent Gretzky,C,02/20/1972,"Brantford, ONT",1993-1995,13,1,3,4,2,2
Bill Taugher,G,04/07/1906,"Kingston, ONT",1925-1926,1,0,0,0,0,1
Patrick Boileau,D,02/22/1975,"Montreal, PQ",1996-2004,48,5,11,16,26,5
Rob Murphy,C,04/07/1969,"Hull, PQ",1987-1994,125,9,12,21,152,7
Erik Brannstrom,D,09/02/1999,"Eksjo, Sweden",2018-2025,294,10,67,77,162,7
Kaapo Kakko,R,02/13/2001,"Turku, Finland",2019-2025,338,62,74,136,80,6
Matti Hagman,C,09/21/1955,"Helsinki, Finland",1976-1982,237,56,89,145,36,4
Ron Talakoski,R,06/01/1962,"Thunder Bay, ONT",1986-1988,9,0,1,1,33,2
Les Douglas,C,12/05/1918,"Perth, ONT",1940-1947,52,6,12,18,8,4
Ilya Solovyov,D,07/20/2000,"Mogilev, Belarus",2023-2024,10,0,3,3,4,1
"Alvin ""Buck"" Jones",D,08/16/1917,"Owen Sound, ONT",1938-1943,50,2,2,4,36,4
Marco Sturm,C,09/08/1978,"Dingolfing, Germany",1997-2012,938,242,245,487,446,14
Hy Buller,D,03/15/1926,"Montreal, PQ",1943-1954,188,22,58,80,215,5
Lance Ward,D,06/02/1978,"Lloydminster, ALTA",2000-2004,209,4,12,16,391,4
Kevin Devine,L,12/09/1954,"Toronto, ONT",1982-1983,2,0,1,1,8,1
Jim Thomson,D,02/23/1927,"Winnipeg, MAN",1945-1958,787,19,215,234,920,13
Dillon Dube,C,07/20/1998,"Golden, BC",2018-2024,325,57,70,127,105,6
Tim Sestito,F,08/28/1984,"Rome, NY",2008-2015,101,0,8,8,55,7
Zenon Konopka,C,01/02/1981,"Niagara-on-the-Lake, ONT",2005-2014,346,12,18,30,1082,9
Eric Robinson,L,06/14/1995,"Bellmawr, NJ",2017-2025,347,49,62,111,67,8
"Cliff ""Fido"" Purpur",R,09/26/1912,"Grand Forks, ND",1934-1945,144,25,35,60,46,5
Tracy Pratt,D,03/08/1943,"New York, NY",1967-1977,580,17,97,114,1026,10
John Chad,R,09/16/1919,"Provost, ALTA",1939-1946,79,15,22,37,29,3
Murray Bannerman,G,04/27/1957,"Fort Frances, ONT",1977-1987,289,0,10,10,37,8
Colby Cave,C,12/26/1994,"Battleford, SASK",2017-2020,67,4,5,9,22,3
Tyler Bunz,G,02/11/1992,"St. Albert, ALTA",2014-2015,1,0,0,0,0,1
Zach Hyman,L,06/09/1992,"Toronto, ONT",2015-2025,615,216,206,422,340,10
Jeff Toms,L,06/04/1974,"Swift Current, SASK",1995-2003,236,22,33,55,59,8
Alex Kaleta,L,11/29/1919,"Canmore, ALTA",1941-1951,386,92,121,213,202,7
Andrew Hammond,G,02/11/1988,"Surrey, BC",2013-2022,67,0,1,1,2,6
Mason Appleton,C,01/15/1996,"Green Bay, WI",2018-2025,366,53,78,131,108,7
Herbie Lewis,L,04/17/1906,"Calgary, ALTA",1928-1939,483,148,161,309,248,11
Blake Wheeler,R,08/31/1986,"Plymouth, MN",2008-2024,1172,321,622,943,764,16
"Gordon ""Doggie"" Kuhn",R,11/17/1905,"Bedford, NS",1932-1933,12,1,1,2,4,1
Drew Stafford,R,10/30/1985,"Milwaukee, WI",2006-2019,841,196,232,428,415,13
Jeff Cowan,L,09/27/1976,"Scarborough, ONT",1999-2008,413,47,34,81,695,8
Gord Smith,D,11/17/1949,"Perth, ONT",1974-1980,299,9,30,39,284,6
Lorne Stamler,L,08/09/1951,"Winnipeg, MAN",1976-1980,116,14,11,25,16,4
Terry Crisp,C,05/28/1943,"Parry Sound, ONT",1965-1977,536,67,134,201,135,11
Joe Noris,C,10/26/1951,"Denver, CO",1971-1974,55,2,5,7,22,3
Tim Ramholt,D,11/02/1984,"Zurich, Switzerland",2007-2008,1,0,0,0,0,1
Paul Skidmore,G,07/22/1956,"Smithtown, NY",1981-1982,2,0,0,0,0,1
John Tucker,C,09/29/1964,"Windsor, ONT",1983-1996,656,177,259,436,285,12
Dan Gratton,C,12/07/1966,"Brantford, ONT",1987-1988,7,1,0,1,5,1
Steve Janaszak,G,01/07/1957,"St. Paul, MN",1979-1982,3,0,0,0,0,2
Harry Zolnierczyk,L,09/01/1987,"Toronto, ONT",2011-2017,84,7,6,13,93,6
Shawn Heins,D,12/24/1973,"Eganville, ONT",1998-2004,125,4,12,16,154,6
John Vanbiesbrouck,G,09/04/1963,"Detroit, MI",1981-2002,882,0,35,35,310,20
Bobby Reynolds,L,07/14/1967,"Fenton, MI",1989-1990,7,1,1,2,0,1
Roman Wick,R,12/30/1985,"Zuzwil, Switzerland",2010-2011,7,0,0,0,0,1
Marcel Pronovost,D,06/15/1930,"Lac la Tortue, PQ",1949-1970,1206,88,257,345,851,21
Terry Ruskowski,C,12/31/1954,"Prince Albert, SASK",1979-1989,630,113,313,426,1356,10
Frank St. Marseille,R,12/14/1939,"Levack, ONT",1967-1977,707,140,285,425,244,10
Max Sutherland,D,04/03/1904,"Grenfel, SASK",1931-1932,2,0,0,0,0,1
Bruce Eakin,C,09/28/1962,"Winnipeg, MAN",1981-1986,13,2,2,4,4,4
"Henry ""Smoky"" Harris",L,04/28/1906,"Kenora, ONT",1930-1931,34,2,4,6,20,1
Alex Pirus,C,01/12/1955,"Toronto, ONT",1976-1980,159,30,28,58,94,4
Will Butcher,D,01/06/1995,"Sun Prairie, WI",2017-2022,275,16,98,114,34,5
Micki DuPont,D,04/15/1980,"Calgary, ALTA",2001-2008,23,1,3,4,12,4
Gord Kluzak,D,03/04/1964,"Climax, SASK",1982-1991,299,25,98,123,543,7
"William ""Smiley"" Meronek",C,,,1939-1943,19,5,8,13,0,2
Rollie Rousseau,D,12/01/1929,"Montreal, PQ",1952-1953,2,0,0,0,0,1
Nick Lappin,R,11/01/1992,"Geneva, IL",2016-2019,60,5,3,8,21,3
Roy Sommer,C,04/05/1957,"Oakland, CA",1980-1981,3,1,0,1,7,1
Grant Marshall,R,06/09/1973,"Mississauga, ONT",1994-2006,700,92,147,239,793,11
Trevor Lewis,C,01/08/1987,"Salt Lake City, UT",2008-2025,1000,101,131,232,233,17
Michael Ryan,L,05/16/1980,"Boston, MA",2006-2009,83,7,8,15,34,3
Len Lunde,L,11/13/1936,"Campbell River, BC",1958-1971,321,39,83,122,75,8
Murray Murdoch,L,05/19/1904,"Lucknow, ONT",1926-1937,507,84,108,192,197,11
Brett Lernout,D,09/24/1995,"Winnipeg, MAN",2015-2018,21,0,1,1,6,3
Tom Gilbert,D,01/10/1983,"Bloomington, MN",2006-2017,655,45,178,223,198,11
Carter Hart,G,08/13/1998,"Sherwood Park, ALTA",2018-2024,227,0,2,2,2,6
Garth Butcher,D,01/08/1963,"Regina, SASK",1981-1995,897,48,158,206,2302,14
Greg Crozier,L,07/06/1976,"Calgary, ALTA",2000-2001,1,0,0,0,0,1
Harry Connor,L,12/03/1904,"Ottawa, ONT",1927-1931,135,16,5,21,149,4
Frank Heffernan,D,,"Peterborough, ONT",1919-1920,17,0,0,0,0,1
"Cristoval ""Boo"" Nieves",C,01/23/1994,"Syracuse, NY",2016-2020,76,5,14,19,24,4
Jussi Jokinen,L,04/01/1983,"Kalajoki, Finland",2005-2018,951,191,372,563,377,13
Aatu Raty,C,11/14/2002,"Oulu, Finland",2022-2025,35,4,3,7,12,2
Joe Jensen,L,02/06/1983,"Maple Grove, MN",2007-2008,6,1,0,1,2,1
Doug Robinson,L,08/27/1940,"St. Catharines, ONT",1963-1971,240,44,67,111,34,7
Mark Stone,R,05/13/1992,"Winnipeg, MAN",2011-2025,666,223,379,602,217,14
Kevin Quick,D,03/29/1988,"Buffalo, NY",2008-2009,6,0,1,1,0,1
Collin Delia,G,06/20/1994,"Rancho Cucamonga, CA",2017-2023,52,0,1,1,2,5
John Aiken,G,01/01/1932,"Arlington, MA",1957-1958,1,0,0,0,0,1
Zack Hayes,D,04/24/1999,"Calgary, ALTA",2021-2022,3,0,0,0,0,1
Randy Boyd,D,01/23/1962,"Coniston, ONT",1981-1989,257,20,67,87,328,8
Martin Strbak,D,01/15/1975,"Presov, Slovakia",2003-2004,49,5,11,16,46,1
Cy Denneny,L,12/23/1891,"Farran's Point, ONT",1917-1929,325,246,69,315,210,12
Robert Boucher,C,02/14/1904,"Ottawa, ONT",1923-1924,12,0,0,0,0,1
Edmond Bouchard,L,05/25/1892,"St. Etienne, PQ",1921-1929,223,19,20,39,115,8
Connor Knapp,G,05/01/1990,"York, NY",2013-2014,2,0,1,1,0,1
Jay Harrison,D,11/03/1982,"Oshawa, ONT",2005-2015,372,23,52,75,360,9
Bob Wood,,,"Lethbridge, ALTA",1950-1951,1,0,0,0,0,1
Dmitry Voronkov,L,09/10/2000,"Angarsk, Russia",2023-2025,107,35,27,62,89,2
Norm Corcoran,C,08/15/1931,"Toronto, ONT",1949-1956,29,1,3,4,21,4
Ron Tugnutt,G,10/22/1967,"Scarborough, ONT",1987-2004,538,0,7,7,12,16
Kurtis Gabriel,R,04/20/1993,"Newmarket, ONT",2015-2022,51,2,3,5,153,5
William Lockwood,R,06/20/1998,"Royal Oak, MI",2020-2024,54,0,2,2,27,4
Elmer Vasko,D,12/11/1935,"Duparquet, PQ",1956-1970,786,34,166,200,719,13
Joe Kowal,L,02/03/1956,"Toronto, ONT",1976-1978,22,0,5,5,13,2
Mikael Lindholm,L,12/19/1964,"Gavle, Sweden",1989-1990,18,2,2,4,2,1
Dan Trebil,D,04/10/1974,"Bloomington, MN",1996-2001,85,4,4,8,32,5
Keith Brown,D,05/06/1960,"Corner Brook, NFLD",1979-1995,876,68,274,342,916,16
Adam Hauser,G,05/27/1980,"Bovey, MN",2005-2006,1,0,0,0,0,1
Hib Milks,,01/01/1899,"Eardley, PQ",1925-1933,317,87,41,128,179,8
Wayne Babych,R,06/06/1958,"Edmonton, ALTA",1978-1987,519,192,246,438,498,9
Bob Laforest,R,05/19/1963,"Welland, ONT",1983-1984,5,1,0,1,2,1
Bernie Parent,G,04/03/1945,"Montreal, PQ",1965-1979,608,0,12,12,112,13
Ron Sutter,C,12/02/1963,"Viking, ALTA",1982-2001,1093,205,328,533,1352,19
Ales Pisa,D,01/02/1977,"Pardubice, Czech Rep.",2001-2003,53,1,3,4,26,2
Chuck Lefley,C,01/20/1950,"Winnipeg, MAN",1970-1981,407,128,164,292,137,9
Eric Calder,D,06/26/1963,"Kitchener, ONT",1981-1983,2,0,0,0,0,2
Bob Copp,D,11/15/1918,"Port Elgin, NB",1942-1951,30,3,9,12,26,2
Philip Varone,C,12/04/1990,"Vaughan, ONT",2013-2019,97,8,9,17,26,5
Paul DiPietro,C,09/08/1970,"Sault Ste. Marie, ONT",1991-1997,192,31,49,80,96,6
Joachim Blichfeld,L,07/17/1998,"Frederikshavn, Denmark",2019-2021,8,1,0,1,14,2
Ernie Parkes,,,,1924-1925,17,0,0,0,2,1
Jake McCabe,D,10/12/1993,"Eau Claire, WI",2013-2025,613,34,129,163,380,12
Brandon Gormley,D,02/18/1992,"Murray River, PEI",2013-2016,58,2,3,5,20,3
Kristopher Letang,D,04/24/1987,"Montreal, PQ",2006-2025,1123,173,585,758,769,19
Colin Patterson,F,05/11/1960,"Rexdale, ONT",1983-1993,504,96,110,206,239,10
Jim Montgomery,C,06/30/1969,"Montreal, PQ",1993-2003,122,9,25,34,80,6
Brad Larsen,L,06/28/1977,"Nakusp, BC",1997-2008,294,19,29,48,134,8
Anthony Richard,C,12/20/1996,"Trois-Rivieres, PQ",2018-2025,31,6,8,14,8,5
Casey Nelson,D,07/18/1992,"Stillwater, MN",2015-2019,93,4,14,18,33,4
Marc D'Amour,G,04/29/1961,"Sudbury, ONT",1985-1989,16,0,0,0,22,2
Doug Adam,L,09/07/1923,"Toronto, ONT",1949-1950,4,0,1,1,0,1
Tye McGinn,L,07/29/1990,"Fergus, ONT",2012-2016,89,9,8,17,44,4
Cesare Maniago,G,01/13/1939,"Trail, BC",1960-1978,568,0,4,4,71,15
Eric Cairns,D,06/27/1974,"Oakville, ONT",1996-2007,457,10,32,42,1182,10
Steve Konowalchuk,L,11/11/1972,"Salt Lake City, UT",1991-2006,790,171,225,396,703,14
Logan Shaw,R,10/05/1992,"Glace Bay, NS",2015-2022,232,16,23,39,37,5
Alex Nedeljkovic,G,01/07/1996,"Parma, OH",2016-2025,158,0,3,3,8,8
Vyacheslav Voynov,D,01/15/1990,"Chelyabinsk, Russia",2011-2015,190,18,63,81,72,4
Scott Garland,L,05/16/1952,"Regina, SASK",1975-1979,91,13,24,37,115,3
Georgii Merkulov,C,10/10/2000,"Ryazan, Russia",2023-2025,7,0,1,1,0,2
Alexander Selivanov,L,03/23/1971,"Moscow, Russia",1994-2001,459,121,114,235,379,7
Max Kaminsky,C,,"Niagara Falls, ONT",1933-1937,130,22,34,56,38,4
Colin Fraser,C,01/28/1985,"Sicamous, BC",2006-2015,359,20,38,58,290,9
Mike Knuble,R,07/04/1972,"Toronto, ONT",1996-2013,1068,278,270,548,641,16
Thomas Gradin,F,02/18/1956,"Solleftea, Sweden",1978-1987,677,209,384,593,298,9
Robert Lang,C,12/19/1970,"Teplice, Czech",1992-2010,989,261,442,703,422,16
Bogdan Yakimov,C,10/04/1994,"Nizhnekamsk, Russia",2014-2015,1,0,0,0,0,1
Rudy Migay,C,11/18/1928,"Fort William, ONT",1949-1960,418,59,92,151,293,10
Tobias Rieder,C,01/10/1993,"Landshut, Germany",2014-2021,478,64,81,145,52,7
Don Sweeney,D,08/17/1966,"St. Stephen, NB",1988-2004,1115,52,221,273,681,16
Patrick Sieloff,D,05/15/1994,"Ann Arbor, MI",2015-2018,2,2,0,2,2,2
Gerry James,R,10/22/1934,"Regina, SASK",1954-1960,149,14,26,40,257,5
Sampo Ranta,L,05/31/2000,"Naantali, Finland",2020-2023,16,0,0,0,6,3
Lars Eller,C,05/08/1989,"Rodovre, Denmark",2009-2025,1074,185,231,416,621,16
Dane Jackson,R,05/17/1970,"Castlegar, BC",1993-1998,45,12,6,18,58,4
Claude Boivin,L,03/01/1970,"Sainte-Foy, PQ",1991-1995,132,12,19,31,364,4
Ilya Samsonov,G,02/22/1997,"Magnitogorsk, Russia",2019-2025,186,0,4,4,4,6
Bobby Lalonde,C,03/27/1951,"Montreal, PQ",1971-1982,641,124,210,334,298,11
Matthew Phillips,R,04/06/1998,"Calgary, ALTA",2020-2024,34,1,4,5,2,3
Jeff Nelson,C,12/18/1972,"Prince Albert, SASK",1994-1999,52,3,8,11,20,3
Gary Nylund,D,10/28/1963,"Surrey, BC",1982-1993,608,32,139,171,1235,11
Matias Maccelli,L,10/14/2000,"Turku, Finland",2021-2025,207,34,90,124,32,4
Shaone Morrisonn,D,12/23/1982,"Vancouver, BC",2002-2011,480,11,64,75,455,8
Evgeny Kuznetsov,C,05/19/1992,"Chelyabinsk, Russia",2013-2024,743,173,402,575,394,11
Mark Borowiecki,D,07/12/1989,"Ottawa, ONT",2011-2023,458,15,41,56,848,12
Cliff Simpson,C,04/04/1923,"Toronto, ONT",1946-1948,6,0,1,1,0,2
Chris Felix,D,05/27/1964,"Bramalea, ONT",1987-1991,35,1,12,13,10,4
Rick Hodgson,D,05/26/1956,"Medicine Hat, ALTA",1979-1980,6,0,0,0,6,1
Linus Hogberg,D,09/04/1998,"Stockholm, Sweden",2021-2022,5,0,2,2,2,1
Rich Peverley,C,07/08/1982,"Kingston, ONT",2006-2014,442,84,157,241,167,8
Hannes Hyvonen,R,08/29/1975,"Oulu, Finland",2001-2003,42,4,5,9,22,2
Aaron Rome,D,09/27/1983,"Brandon, MAN",2006-2014,226,6,22,28,185,8
Elvis Merzlikins,G,04/13/1994,"Riga, Latvia",2019-2025,218,0,4,4,20,6
Rocky Trottier,C,04/11/1964,"Val Marie, SASK",1983-1985,38,6,4,10,2,2
Jyrki Jokipakka,D,08/20/1991,"Tampere, Finland",2014-2017,150,3,25,28,34,3
Jay Mazur,R,01/22/1965,"Hamilton, ONT",1988-1992,47,11,7,18,20,4
Al Dewsbury,D,04/12/1926,"Goderich, ONT",1946-1956,357,30,78,108,365,9
Mike Veisor,G,08/25/1952,"Toronto, ONT",1973-1984,139,0,3,3,2,10
George Grigor,C,09/03/1916,"Edinburgh, Scotland",1943-1944,2,1,0,1,0,1
Pete Bessone,D,01/13/1913,"New Bedford, MA",1937-1938,6,0,1,1,6,1
Jim Vandermeer,D,02/21/1980,"Caroline, ALTA",2002-2012,461,25,80,105,664,9
Jan Benda,D,04/28/1972,"Reet, Belgium",1997-1998,9,0,3,3,6,1
Drew Miller,L,02/17/1984,"Dover, NJ",2006-2017,571,62,60,122,136,11
Jack Walker,F,,,1926-1928,76,5,8,13,18,2
Marko Kiprusoff,D,06/06/1972,"Turku, Finland",1995-2002,51,0,10,10,12,2
Roland Cloutier,C,10/06/1957,"Rouyn-Noranda, PQ",1977-1980,34,8,9,17,2,3
Randy Jones,D,07/23/1981,"Quispamsis, NB",2003-2012,365,20,85,105,185,8
Justin Kirkland,C,08/02/1996,"Winnipeg, MAN",2022-2025,30,2,6,8,11,3
Sheldon Souray,D,07/13/1976,"Elk Point, ALTA",1997-2013,758,109,191,300,1145,13
Justin Hocking,D,01/09/1974,"Stettler, ALTA",1993-1994,1,0,0,0,0,1
Don Willson,C,01/01/1914,"Chatham, ONT",1937-1939,22,2,7,9,0,2
Dennis Hildeby,G,08/19/2001,"Jarfalla, Sweden",2023-2025,4,0,0,0,0,1
Christian Ehrhoff,D,07/06/1982,"Moers, Germany",2003-2016,789,74,265,339,517,12
Darryl Sly,D,04/03/1939,"Collingwood, ONT",1965-1971,79,1,2,3,20,4
Curtis Joseph,G,04/29/1967,"Keswick, ONT",1989-2009,943,0,31,31,126,19
George Abbott,G,08/03/1911,"Synenham, ONT",1943-1944,1,0,0,0,0,1
Colin Smith,C,06/20/1993,"Edmonton, ALTA",2014-2015,1,0,0,0,0,1
Scott Morrow,L,06/18/1969,"Chicago, IL",1994-1995,4,0,0,0,0,1
Paul Coffey,D,06/01/1961,"Weston, ONT",1980-2001,1409,396,1135,1531,1800,21
Steve Wochy,R,12/25/1922,"Fort William, ONT",1944-1947,54,19,20,39,17,2
Jack Eichel,C,10/28/1996,"North Chelmsford, MA",2015-2025,579,222,345,567,191,10
Jim Dorey,D,08/17/1947,"Kingston, ONT",1968-1972,232,25,74,99,553,4
Larry Huras,D,07/08/1955,"Listowel, ONT",1976-1977,2,0,0,0,0,1
Mark Streit,D,12/11/1977,"Bern, Switzerland",2005-2018,786,96,338,434,374,12
Darcy Regier,D,11/27/1956,"Swift Current, SASK",1977-1984,26,0,2,2,35,3
Frank Pietrangelo,G,12/17/1964,"Niagara Falls, ONT",1987-1994,141,0,3,3,36,7
Mike Murphy,G,01/15/1989,"Kingston, ONT",2011-2012,2,0,0,0,0,1
Krys Barch,L,03/26/1980,"Hamilton, ONT",2006-2014,381,12,23,35,812,8
Matt Lashoff,D,09/29/1986,"East Greenbush, NY",2006-2011,74,1,15,16,59,5
Gerry Cheevers,G,09/02/1940,"St. Catharines, ONT",1961-1980,418,0,11,11,214,13
Warren Luhning,R,07/03/1975,"Edmonton, ALTA",1997-2000,29,0,1,1,21,3
Steve Atkinson,R,10/16/1948,"Toronto, ONT",1968-1975,302,60,51,111,104,6
Dave McLlwain,C,06/09/1967,"Seaforth, ONT",1987-1997,501,100,107,207,292,10
Nikolai Kovalenko,R,10/17/1999,"Raleigh, NC",2023-2025,40,5,9,14,10,2
Jason MacDonald,W,04/01/1974,"Charlottetown, PEI",2003-2004,4,0,0,0,19,1
Cole Guttman,C,04/06/1999,"Northridge, CA",2022-2024,41,8,6,14,9,2
Aaron MacKenzie,D,03/27/1981,"Terrace Bay, ONT",2008-2009,5,0,0,0,0,1
Darcy Rota,F,02/16/1953,"Vancouver, BC",1973-1984,794,256,239,495,973,11
Alexander Killorn,L,09/14/1989,"Halifax, NS",2012-2025,908,224,296,520,557,13
Nathan Oystrick,D,12/17/1982,"Regina, SASK",2008-2011,65,5,10,15,61,3
Jakob Forsbacka-Karlsson,C,10/31/1996,"Stockholm, Sweden",2016-2019,29,3,6,9,2,2
Brad Isbister,L,05/07/1977,"Edmonton, ALTA",1997-2008,541,106,116,222,615,10
Cameron Schilling,D,10/07/1988,"Carmel, IN",2012-2019,10,0,1,1,4,4
Mark Flood,D,09/29/1984,"Charlottetown, PEI",2009-2012,39,3,5,8,10,2
Ethan Moreau,L,09/22/1975,"Huntsville, ONT",1995-2012,928,147,140,287,1110,16
Josh Manson,D,10/07/1991,"Hinsdale, IL",2014-2025,607,39,124,163,590,11
Mikael Tellqvist,G,09/19/1979,"Sundbyberg, Sweden",2002-2009,114,0,2,2,2,6
Mackenzie Blackwood,G,12/09/1996,"Thunder Bay, ONT",2018-2025,224,0,1,1,4,7
Lane Pederson,C,08/04/1997,"Saskatoon, SASK",2020-2023,71,4,7,11,38,3
Dave Feamster,D,09/10/1958,"Detroit, MI",1981-1985,169,13,24,37,154,4
Larry Popein,C,08/11/1930,"Yorkton, SASK",1954-1968,449,80,141,221,162,8
Mike Corbett,R,10/04/1942,"Toronto, ONT",1967-1968,0,0,0,0,0,1
Dwight Helminen,C,06/22/1983,"Hancock, MI",2008-2010,27,2,1,3,0,2
Gary Holt,F,01/01/1952,"Sarnia, ONT",1973-1978,101,13,11,24,133,5
Tim Sheehy,C,09/03/1948,"International Falls, MN",1977-1980,27,2,1,3,0,2
Paul Byron,L,04/27/1989,"Ottawa, ONT",2010-2022,521,98,110,208,139,12
Sergei Bautin,D,03/11/1967,"Rahachow, Belarus",1992-1996,132,5,25,30,176,3
Tom Brennan,R,01/22/1922,"Philadelphia, PA",1943-1945,12,2,2,4,2,2
Aaron Volpatti,L,05/30/1985,"Revelstoke, BC",2010-2015,114,5,2,7,137,5
Walt Tkaczuk,C,09/29/1947,"Emstedetten, Germany",1967-1981,945,227,451,678,556,14
Riley Stillman,D,03/09/1998,"Peterborough, ONT",2018-2023,158,4,22,26,104,5
Angus Crookshank,L,10/02/1999,"North Vancouver, BC",2023-2024,13,2,1,3,4,1
David Morisset,R,04/06/1981,"Langley, BC",2001-2002,4,0,0,0,5,1
T.J. Galiardi,L,04/22/1988,"Calgary, ALTA",2008-2015,321,44,61,105,136,7
Cristobal Huet,G,09/03/1975,"St-Martin-d'Heres, France",2002-2010,272,0,3,3,10,7
Harvie Pocza,L,09/22/1959,"Lethbridge, ALTA",1979-1982,3,0,0,0,2,2
Chad Larose,R,03/27/1982,"Fraser, MI",2005-2013,508,85,95,180,286,8
Mike Mottau,D,03/19/1978,"Quincy, MA",2000-2014,321,7,51,58,164,9
Andy Barbe,R,07/27/1923,"Coniston, ONT",1950-1951,1,0,0,0,2,1
Gary Leeman,D,02/19/1964,"Toronto, ONT",1982-1997,667,199,267,466,531,14
Arvid Soderblom,G,08/19/1999,"Goteborg, Sweden",2021-2025,68,0,0,0,0,4
Mike Hudson,C,02/06/1967,"Guelph, ONT",1988-1997,416,49,87,136,414,9
Jake Dowell,C,03/04/1985,"Eau Claire, WI",2007-2014,157,11,22,33,133,7
Rene LeClerc,C,11/11/1947,"Ville de Vanier, PQ",1968-1971,87,10,11,21,105,2
Jake Chelios,D,03/08/1991,"Chicago, IL",2018-2019,5,0,0,0,2,1
Jason Podollan,R,02/18/1976,"Vernon, BC",1996-2002,41,1,5,6,19,4
Santeri Hatakka,D,01/15/2001,"Riihimaki, Finland",2021-2024,21,0,4,4,6,2
Tommy Lehman,C,02/03/1964,"Solna, Sweden",1987-1990,36,5,5,10,16,3
Chris Bala,L,09/24/1978,"Alexandria, VA",2001-2002,6,0,1,1,0,1
John Stewart,L,05/16/1950,"Eriksdale, MAN",1970-1975,258,58,60,118,158,5
Adam Fantilli,C,10/12/2004,"Nobleton, ONT",2023-2025,90,21,25,46,26,2
Jack McIntyre,L,09/08/1930,"Listowel, ONT",1949-1960,499,109,102,211,173,11
Jimmy Waite,G,04/15/1969,"Sherbrooke, PQ",1988-1999,106,0,1,1,10,11
Dave Chyzowski,L,07/11/1971,"Edmonton, ALTA",1989-1997,126,15,16,31,144,6
Barry Wilcox,F,04/23/1948,"New Westminster, BC",1972-1975,33,3,2,5,15,2
Jonathan Sim,L,09/29/1977,"New Glasgow, NS",1998-2011,469,75,64,139,314,12
"Irvine ""Ace"" Bailey",L,07/03/1903,"Bracebridge, ONT",1926-1934,313,111,82,193,472,8
Matthew Konan,D,09/03/1991,"Tustin, CA",2012-2013,2,0,0,0,0,1
Jose Theodore,G,09/13/1976,"Laval, PQ",1995-2013,648,1,16,17,40,17
Dunc Munro,,,,1924-1932,239,28,18,46,170,8
Walker Duehr,R,11/23/1997,"Sioux Falls, SD",2021-2025,80,9,10,19,10,4
Ebbie Goodfellow,D,04/09/1907,"Ottawa, ONT",1929-1943,554,134,190,324,511,14
Doug Young,D,10/01/1908,"Medicine Hat, ALTA",1931-1941,391,35,45,80,303,10
Matthew Spiller,D,02/07/1983,"Daysland, ALTA",2003-2008,68,0,2,2,74,3
Lukas Kaspar,L,09/23/1985,"Litvinov, Czech Rep.",2007-2009,16,2,2,4,8,2
Patrick Wey,D,03/21/1991,"Pittsburgh, PA",2013-2014,9,0,3,3,5,1
Jason Ruff,L,01/27/1970,"Kelowna, BC",1992-1994,14,3,3,6,10,2
Michael Milne,L,09/21/2002,"Abbotsford, BC",2023-2025,1,0,0,0,0,1
Keith Magnuson,D,04/27/1947,"Saskatoon, SASK",1969-1980,589,14,125,139,1440,11
John Stewart,C,01/02/1954,"Toronto, ONT",1979-1980,2,0,0,0,0,1
Dave Poulin,C,12/17/1958,"Timmins, ONT",1982-1995,724,205,325,530,482,13
Bob Neely,D,11/09/1953,"Sarnia, ONT",1973-1978,283,39,59,98,266,5
Corbett Denneny,C,01/25/1896,"Cornwall, ONT",1917-1928,177,99,29,128,138,9
Brian Ferlin,R,06/03/1992,"Jacksonville, FL",2014-2015,7,0,1,1,0,1
Mike Peluso,R,09/02/1974,"Bismarck, ND",2001-2004,38,4,2,6,19,2
Rene Chapdelaine,D,09/27/1966,"Weyburn, SASK",1990-1993,32,0,2,2,32,3
Blake Bellefeuille,C,12/27/1977,"Framingham, MA",2001-2003,5,0,1,1,0,2
Wayne Stephenson,G,01/29/1945,"Fort William, ONT",1971-1981,328,0,4,4,43,10
Brandon Montour,D,04/11/1994,"Brantford, ONT",2016-2025,560,74,200,274,414,9
Dean Kukan,D,07/08/1993,"Volketswil, Switzerland",2015-2022,153,5,25,30,46,6
Ken Block,D,03/18/1944,"Steinbach, MAN",1970-1971,1,0,0,0,0,1
Nick Foligno,L,10/31/1987,"Buffalo, NY",2007-2025,1194,242,337,579,954,18
Kelly Burnett,C,06/16/1926,"Lachine, PQ",1952-1953,3,1,0,1,0,1
Daniel Brickley,D,03/30/1995,"Sandy, UT",2017-2019,5,0,2,2,0,2
Jeff Petry,D,12/09/1987,"Ann Arbor, MI",2010-2025,971,96,287,383,400,15
Francis Wathier,L,12/07/1984,"St. Isidore, ONT",2009-2013,10,0,0,0,5,4
Marty Pavelich,L,11/06/1927,"Sault Ste. Marie, ONT",1947-1957,634,93,159,252,454,10
Lindsay Middlebrook,G,09/07/1955,"Collingwood, ONT",1979-1983,37,0,1,1,2,4
John MacMillan,R,10/25/1935,"Lethbridge, ALTA",1960-1965,104,5,10,15,32,5
Dennis McCord,D,07/28/1952,"Chatham, ONT",1973-1974,3,0,0,0,6,1
Brad Mills,F,05/03/1983,"Terrace, BC",2010-2014,34,1,1,2,37,3
Clayton Keller,R,07/29/1998,"Chesterfield, MO",2016-2025,558,180,277,457,219,9
John LeBlanc,L,01/21/1964,"Campbellton, NB",1986-1995,83,26,13,39,28,7
David Maley,L,04/24/1963,"Beaver Dam, WI",1985-1994,466,43,81,124,1043,9
Eddie Convey,L,12/16/1910,"Toronto, ONT",1930-1933,36,1,0,1,23,3
Brian Glynn,D,11/23/1967,"Iserlohn, Germany",1987-1997,431,25,79,104,410,10
Eric Lindros,C,02/28/1973,"London, ONT",1992-2007,760,372,493,865,1398,13
Darius Kasparaitis,D,10/16/1972,"Elektrenai, Lithuania",1992-2007,863,27,136,163,1379,14
Gordon Reid,D,02/19/1910,"Mount Albert, ONT",1936-1937,1,0,0,0,2,1
Richard David,L,04/08/1958,"Notre Dame de la Sal, PQ",1979-1983,31,4,4,8,10,3
George Hainsworth,G,06/26/1895,"Toronto, ONT",1926-1937,465,0,0,0,2,11
Thomas Steen,F,06/08/1960,"Tockmark, Sweden",1981-1995,950,264,553,817,753,14
Paul McIntosh,D,03/13/1954,"Listowel, ONT",1974-1976,48,0,2,2,66,2
Chris Langevin,F,11/27/1959,"Montreal, PQ",1983-1986,22,3,1,4,22,2
Tony Feltrin,D,12/06/1961,"Ladysmith, BC",1980-1986,48,3,3,6,65,4
Joffre Desilets,R,04/16/1915,"Capreol, ONT",1935-1940,192,37,45,82,57,5
Ted Speers,C,01/28/1961,"Ann Arbor, MI",1985-1986,4,1,1,2,0,1
Mike Polich,C,02/19/1953,"Hibbing, MN",1976-1981,226,24,29,53,57,5
Rick Rypien,C,05/16/1984,"Coleman, ALTA",2005-2011,119,9,7,16,226,6
Riley Cote,L,03/16/1982,"Winnipeg, MAN",2006-2010,156,1,6,7,411,4
Gord Fashoway,L,06/16/1926,"Portage la Prairie, MAN",1950-1951,13,3,2,5,14,1
Matt Bartkowski,D,06/04/1988,"Pittsburgh, PA",2010-2021,256,8,40,48,157,11
Ryker Evans,D,12/13/2001,"Calgary, ALTA",2023-2025,75,5,22,27,36,2
Jeff Woywitka,D,09/01/1983,"Vermilion, ALTA",2005-2012,278,9,46,55,149,7
Vojtech Polak,L,06/27/1985,"Ostrov nad Ohri, Czech Rep.",2005-2007,5,0,0,0,0,2
Gary Croteau,L,06/20/1946,"Sudbury, ONT",1968-1980,684,144,175,319,143,12
Larry Hopkins,L,03/17/1954,"Oshawa, ONT",1977-1983,60,13,16,29,26,4
Ladislav Smid,D,02/01/1986,"Frydlant, Czech Rep.",2006-2016,583,12,60,72,472,10
Christian Jaros,D,04/02/1996,"Kosice, Slovakia",2017-2022,94,1,13,14,37,5
Daniil Tarasov,G,03/27/1999,"Novokuznetsk, Russia",2021-2025,55,0,2,2,0,4
Walt McKechnie,C,06/19/1947,"London, ONT",1967-1983,955,214,392,606,469,16
Reid Simpson,L,05/21/1969,"Flin Flon, MAN",1991-2004,301,18,18,36,838,12
Doug Lynch,D,04/04/1983,"North Vancouver, BC",2003-2004,2,0,0,0,0,1
Joe Fisher,R,07/04/1916,"Medicine Hat, ALTA",1939-1943,66,8,12,20,13,4
Wayne Simmonds,R,08/26/1988,"Scarborough, ONT",2008-2023,1037,263,263,526,1313,15
Aaron Miller,D,08/11/1971,"Buffalo, NY",1993-2008,677,25,94,119,422,14
Rick Mrozik,D,01/02/1975,"Duluth, MN",2002-2003,2,0,0,0,0,1
Fredrik Sjostrom,R,05/06/1983,"Fargelanda, Sweden",2003-2011,489,46,58,104,190,7
Kevin Labanc,R,12/12/1995,"Brooklyn, NY",2016-2025,506,84,153,237,227,9
Brian Pinho,C,05/11/1995,"Beverly, MA",2019-2021,2,0,0,0,0,2
Radovan Somik,L,05/05/1977,"Martin, Czech Rep.",2002-2004,113,12,20,32,27,2
Jerome Engele,D,11/26/1950,"Carmel, SASK",1975-1978,100,2,13,15,162,3
Craig Redmond,D,09/22/1965,"Dawson Creek, BC",1984-1989,191,16,68,84,134,5
Andre Dore,D,02/11/1958,"Montreal, PQ",1978-1985,257,14,81,95,261,7
"Marcel ""Ching"" Dheere",L,12/19/1920,"St. Boniface, MAN",1942-1943,11,1,2,3,2,1
Adam Lowry,C,03/29/1993,"St. Louis, MO",2014-2025,744,115,148,263,406,11
John Scott,L,09/26/1982,"Edmonton, ALTA",2008-2016,286,5,6,11,544,8
Thomas Greiss,G,01/29/1986,"Fuessen, Germany",2007-2023,368,0,4,4,16,14
Cody Hodgson,C,02/18/1990,"Toronto, ONT",2010-2016,328,64,78,142,68,6
David Fenyves,D,04/29/1960,"Dunnville, ONT",1982-1991,206,3,32,35,119,9
Adam Beckman,L,05/10/2001,"Saskatoon, SASK",2021-2024,23,0,3,3,14,3
Jesse Schultz,R,09/28/1982,"Strasbourg, SASK",2006-2007,2,0,0,0,0,1
Matthieu Descoteaux,D,09/22/1977,"Pierreville, PQ",2000-2001,5,1,1,2,4,1
George Smith,,,,1921-1922,9,0,0,0,0,1
Clark Bishop,C,03/29/1996,"St. John's, NFLD",2018-2022,47,1,7,8,20,4
Gustav Forsling,D,06/12/1996,"Linkoping, Sweden",2016-2025,438,52,124,176,161,8
Brian O'Neill,C,06/01/1988,"Yardley, PA",2015-2016,22,0,2,2,8,1
Brad Ralph,C,10/17/1980,"Richmond, ONT",2000-2001,1,0,0,0,0,1
Alan Hepple,D,08/16/1963,"Blaydon-On-Tyre, England",1983-1986,3,0,0,0,7,3
Bruno St. Jacques,D,08/22/1980,"Montreal, PQ",2001-2006,67,3,7,10,47,4
Ed Harrison,C,07/25/1927,"Mimico, ONT",1947-1951,194,27,24,51,53,4
Todd Bertuzzi,R,02/02/1975,"Sudbury, ONT",1995-2014,1159,314,456,770,1478,18
Vesa Viitakoski,L,02/13/1971,"Lappeenranta, Finland",1993-1996,23,2,4,6,8,3
Cy Thomas,W,08/05/1926,"Dowlais, Wales",1947-1948,14,2,2,4,12,1
Danil Markov,D,07/30/1976,"Moscow, Russia",1997-2007,538,29,118,147,456,9
Martin Biron,G,08/15/1977,"Lac-Saint-Charles, PQ",1995-2014,508,0,14,14,81,16
Kent-Erik Andersson,R,05/24/1951,"Orebro, Sweden",1977-1984,456,72,103,175,78,7
Pascal Leclaire,G,11/07/1982,"Repentigny, PQ",2003-2011,173,0,4,4,8,7
Jason Holland,D,04/30/1976,"Morinville, ALTA",1996-2004,81,4,5,9,36,7
Taylor Leier,L,02/15/1994,"Saskatoon, SASK",2015-2018,55,2,5,7,10,3
Patrik Augusta,L,11/13/1969,"Jihlava, Czech Rep.",1993-1999,4,0,0,0,0,2
Johnny Bucyk,L,05/12/1935,"Edmonton, ALTA",1955-1978,1540,556,813,1369,497,23
Jalen Chatfield,D,05/15/1996,"Ypsilanti, MI",2020-2025,225,18,32,50,95,5
Steve Passmore,G,01/29/1973,"Thunder Bay, ONT",1998-2004,93,0,2,2,21,6
Brad Tapper,R,04/28/1978,"Scarborough, ONT",2000-2003,71,14,11,25,72,3
Jordan Gross,D,05/09/1995,"Maple Grove, MN",2019-2023,25,3,4,7,8,4
Jiri Hrdina,C,01/05/1958,"Prague, Czech Rep.",1987-1992,250,45,85,130,92,5
Tim Coulis,F,02/24/1958,"Kenora, ONT",1979-1986,47,4,5,9,138,4
Beck Malenstyn,L,02/04/1998,"Delta, BC",2019-2025,145,12,20,32,51,5
Brian Glennie,D,08/29/1946,"Toronto, ONT",1969-1979,572,14,100,114,621,10
Leland Irving,G,04/11/1988,"Swan Hills, ALTA",2011-2013,13,0,1,1,0,2
Randy Pierce,R,11/23/1957,"Arnprior, ONT",1977-1985,277,62,76,138,223,8
Marty Barry,C,12/08/1904,"Quebec, PQ",1927-1940,508,195,192,387,231,12
Connor Hellebuyck,G,05/19/1993,"Commerce, MI",2015-2025,538,0,9,9,6,10
Mike Zuke,C,04/16/1954,"Sault Ste. Marie, ONT",1978-1986,455,86,196,282,220,8
